OrdenfiloWEB,Orden_Grupo,Nombre científico,Sinónimos,Nombre comun,Ambiente,DistribuciónNativa,DistribuciónInvasora,Origen,Presencia,Estatus,Regulada por otros instrumentos,Ficha,id_enciclovida,Familia
Anfibios,11,Eleutherodactylus planirostris,,Rana chirriadora de invernadero,Terrestre,"Cuba. Islas Caimán (Samma, 2015)","Hawaii, México (Veracruz), Estados Unidos (Alabama, Florida) (Kraus et al., 1999)",Exótica,Presente,Invasora,,,8012708,
Anfibios,11,Lithobates catesbeianus,Rana catesbeiana,Rana toro,Terrestre; Dulceacuícola,"Canadá, Estados Unidos y México (Santos-Barrera et al., 2009)","Argentina, Bélgica, Brasil, China, Colombia, Cuba, República Dominicana, Ecuador, Francia, Alemania, Grecia, Indonesia, Italia, Jamaica, Japón, Malasia, Países Bajos, Perú, Filipinas, Puerto Rico, Singapur, España, Taiwán, Tailandia, Reino Unido, Uruguay, Venezuela (Santos-Barrera et al., 2009)",Nativa,Presente,Invasora,Acuerdo especies exóticas SEMARNAT,x,8013058,
Anfibios,11,Xenopus laevis,Bufo laevis,Rana de uñas africana,Terrestre; Dulceacuícola,"Sureste de África (Álvarez-Romero et al., 2005).","Hacia el oeste se extiende hasta Camerún,  Chile y USA (Arizona, sur de California, Colorado, Florida, Louisana, Nevada, Nuevo México, Carolina del Norte, Virginia, Wisconsin y Wyoming). Tambien Reino Unido, Holanda y la Isla Ascensión (Álvarez-Romero et al., 2005).",Exótica,Presente,Invasora,Acuerdo especies exóticas SEMARNAT,x,8018792,
Aves,13,Amandava subflava,,,Terrestre,,,Exótica,Ausente,Invasora,,,,Estrildidae
Aves,13,Psittacula alexandri,,Cotorra de pecho rojo,Terrestre,"Bangladesh, Bután, Camboya, China, India, Indonesia, República Democrática Popular Lao, Myanmar, Nepal, Tailandia y Vietnam (BirdLife International, 2013).",,Exótica,Confinado,Invasora,,x,,Psittaculidae
Aves,13,Pycnonotus cafer,,red-vented bulbul,Terrestre,"Afganistán, Bangladesh, Bhután, China, India, Myanmar , Nepal, Pakistán, Sri Lanka, Vietnam (BirdLife International, 2012).",,Exótica,Confinado,Invasora,Acuerdo especies exóticas SEMARNAT,x,8020401,Pycnonotidae
Aves,13,Psittacula eupatria,,Cotorra alejandrina,Terrestre,"Afganistán, Bangladesh, Bután, Camboya, India, República Democrática Popular Lao, Myanmar, Nepal, Paquistán, Sri Lanka, Tailandia y Vietnam (BirdLife International, 2013).",,Exótica,Confinado,Invasora,,x,,Psittaculidae
Aves,13,Pycnonotus jocosus,,,Terrestre,"India, Nepal, Bhután, Bangladesh, Myanmar, Tailandia, Vietnam, Laos, Camboya y Sur de China (GISD, 2008).","Mauricio, Estados Unidos (GISD, 2008).",Exótica,Confinado,Invasora,Acuerdo especies exóticas SEMARNAT,x,8020402,Pycnonotidae
Aves,13,Cyanoliseus patagonus,,Loro barranquero,Terrestre,"Argentina, Chile y Uruguay (BirdLife International, 2012).","En México solo se ha observado en libertad en San Agustín Etla, Oaxaca y en la ciudad de Santiago de Querétaro (Hernández-Díaz et al., 2015).",Exótica,Presente,Invasora,,x,8019527,
Aves,13,Pastor roseus,,,Terrestre,"Albania, Armenia, Austria, Azerbaiyán, Bulgaria, Croacia, Dinamarca, Georgia, Grecia, Italia, Macedonia, Yugoslavia, República de Moldava, Montenegro, Rumania, Federación Rusa, Serbia, Eslovaquia, Eslovenia, Turquía, Ucrania (Ashpole et al., 2015)",,Exótica,Ausente,Invasora,Acuerdo especies exóticas SEMARNAT,x,,Sturnidae
Aves,13,Acridotheres cristatellus,,,Terrestre,"Sudeste de Asia (Bassó et al., 2012).","Norteamérica (Zelaya et al., 2001).",Exótica,Ausente,Invasora,Acuerdo especies exóticas SEMARNAT,x,,Sturnidae
Aves,13,Psittacula krameri,,Cotorra de Kramer,Terrestre,"Afganistán, Bangladesh, Benín, Bután, Burkina Faso, Camerún, República Centroafricana, Chad, China, Costa de Marfil, , Egipto, Eritrea, Etiopía, Gambia, Ghana, Guinea, Guinea-Bissau, India, Liberia, Malí, Mauritania, Myanmar, Nepal, Níger, Nigeria, Pakistán, Senegal, Sierra Leona, Sri Lanka, Sudán, Togo, Uganda, Vietnam (BirdLife International, 2009)","Kenia, Kuwait, Líbano, Macao, Maldivas, Mauricio, Países Bajos, Omán, Portugal, Puerto Rico, Qatar, Arabia Saudita, Singapur, Eslovenia, Sudáfrica, España, Pavo, Emiratos Árabes Unidos, Reino Unido, Estados Unidos, Venezuela, Yemen. Informó: Cabo Verde y Somalia (BirdLife International, 2009)",Exótica,Presente,Invasora,Acuerdo especies exóticas SEMARNAT,x,8020091,
Aves,13,Streptopelia roseogrisea,,Paloma de collar africana,Terrestre,"Benín, Burkina Faso, Camerún, Egipto, Eritrea, Etiopia, Gambia, Kuwait, Mali, Mauritania, Nigeria, Saudi Arabia, Senegal, Somalia, Sudan, Western Sahara, Yemen (BirdLife International 2012)","Bahamas, Nueva Zelanda, Puerto Rico, Estados Unidos (BirdLife International 2012); México: Tijuana, Mexicali, Ensenada, (eBird, 2012) y en Guerrero, donde se utiliza como ave de ornato y es común encontrarla en sitios de comercialización de aves y en tiendas de mascotas (Blancas-Calva et al., 2014).",Exótica,Presente,Invasora,Acuerdo especies exóticas SEMARNAT,x,8019537,
Aves,13,Agapornis fischeri,,,Terrestre,"Tanzania (BirdLife Internationational, 2014).",,Exótica,Confinado,,,,8019502,
Aves,13,Lonchura punctulata,,Capuchino pecho escamoso,Terrestre,"Afganistán, Bangladesh, Bután, Brunei Darussalam, Camboya, China, India, Indonesia, República Democrática Popular Lao, Malasia, Myanmar, Nepal, Filipinas, Singapur, Sri Lanka, Taiwán, Provincia de China, Tailandia, Timor-Leste, Vietnam (BirdLife International 2012)","Se reporta en Baja California y Sonora (Averaves, 2013).",Exótica,Presente,Invasora,Acuerdo especies exóticas SEMARNAT,x,8019530,
Aves,13,Myiopsitta monachus,,"Cotorra argentina, perico argentino",Terrestre,"Argentina, Bolivia, Brasil, Paraguay y Uruguay (MacGregor-Fors et al., 2011).","Este de Estados Unidos, Sur de Canada, España, Italia, Francia, Bélgica, Alemania, Austria, Holanda, Republica Checa, Kenia, Japón, Bermudas, Puerto Rico, Bahamas e Inglaterra (GISD, 2017). En México existen registros en diferentes estados: en la Ciudad de México, Estado de México, Oaxaca, Querétaro, Michoacán, Puebla, Chiapas, Guanajuato, Chihuahua, Baja California Sur, Guerrero e Hidalgo (Álvarez-Romero, 2008; Pablo-López, 2009; MacGregor-Fors et al., 2011; Pineda-López y Malagamba-Rubio, 2011; Ramírez-Albores, 2012; Guerrero-Cárdenas et al., 2012: Soto-Cruz, et al., 2014; Almazán-Núñez, et al., 2015; Tinajero y Rodríguez-Estrella, 2015; Zuria et al., 2016)",Exótica,Presente,Invasora,Acuerdo especies exóticas SEMARNAT,x,8019517,
Aves,13,Sturnus vulgaris,,Estornino pinto,Terrestre,"Europa, sur de Asia y norte de África (CABI 2015).","Botswana, Bermudas, Canadá, Estados Unidos (CABI, 2015). En México se encuentra en el norte del país y península de Yucatán (Berlanga et al. 2008)",Exótica,Presente,Invasora,Acuerdo especies exóticas SEMARNAT,x,8013925,
Aves,13,Passer domesticus,,"Gorrión casero, gorrión doméstico, gorrión inglés, gorrión europoeo",Terrestre,"Medio Oriente, Oceanía, Australia, Región del Mediterráneo (Gómez de Silva et al., 2005).","Estados Unidos hasta el centro de Panamá; Sudamérica (Garza et al., 2004). Kenia, Namibia, Senegambia, Zambia, Bolivia, Colombia, Costa Rica, Cuba, Ecuador, Panamá, Perú, Norteamérica, África. En México se encuentra en casi todo el territorio nacional, con excepción de la Península de Yucatán (Howell & Webb, 1995). Sin embargo, apareció en Chiapas en 1950 y en los 60’s, se reportaba como ausente en los Altos de Chiapas y el Pacífico de Chiapas (Álvarez-Romero et al., 2008).",Exótica,Presente,Invasora,Acuerdo especies exóticas SEMARNAT,x,8013904,
Aves,13,Columba livia,,Paloma doméstica,Terrestre,"Europa, Asia occidental y norte de África (CABI, 2015)","Asia, Centroamérica, Europa, Norteamérica, Sudamérica. En México, se distribuye en zonas urbanas y suburbanas de toda la República; por ejemplo, el Salto de San Antón, Morelos, Distrito Federal (Gómez de Silva et al., 2005).",Exótica,Presente,Invasora,Acuerdo especies exóticas SEMARNAT,x,8013477,
Aves,13,Streptopelia decaocto,,Paloma de collar,Terrestre,"Afganistán, Albania, Austria, Azerbaiyán, Bahréin, Bangladesh, Bélgica, Bután, Bosnia y Herzegovina, Bulgaria, China, Croacia, Chipre, República Checa, Dinamarca, Egipto, Estonia, Islas Faroe, Finlandia, Francia, Alemania, Grecia, Hungría, Islandia, India, Irán, Irak, Irlanda, Israel, Italia, Jordán, Kazajstán, Corea, República Popular Democrática de, Corea, Republica de, Kuwait, Kirguistán, Letonia, Líbano, Liechtenstein, Lituania, Luxemburgo, Macedonia, Moldova, Mónaco, Montenegro, Marruecos, Nepal, Países Bajos, Noruega, Omán, Pakistán, Territorio Palestino, Ocupado, Polonia, Portugal, Katar, Rumania, Federación Rusa, Arabia Saudita, Serbia (Serbia), Eslovaquia, Eslovenia, España, Sri Lanka, Svalbard y Jan Mayen, Suecia, Suiza, República Árabe Siria, Tayikistán, Turquía, Turkmenistán, Ucrania, Emiratos Árabes Unidos, Reino Unido, Uzbekistán (BirdLife International. 2014)","Bahamas y Guadalupe (Barré et al., 1997). En México hay reportes en Querétaro (Pineda-López & Malagamba-Rubio, 2011), Hidalgo (Valencia-Herverth et al., 2011), Yucatán (Chablé-Santos et al., 2012), Guerrero (Blancas Calva et al., 2014), Oaxaca, Jalisco, Sinaloa, Veracruz y Sonora (Chablé-Santos et al., 2012).",Exótica,Presente,Invasora,Acuerdo especies exóticas SEMARNAT,x,8013497,
Aves,13,Streptopelia chinensis,,Paloma moteada,Terrestre,"Filipinas, India, Indonesia, Nepal, Pakistán, Idochina (Gómez de Silva et al., 2005)","Australia (eBird, 2015); En México ha sido reportada en Tijuana, Baja California (Álvarez-Romero et al., 2008).",Exótica,Presente,Invasora,Acuerdo especies exóticas SEMARNAT,x,8013496,
Aves,13,Bubulcus ibis,Ardea ibis,"Garza ganadera, garza vaquera",Terrestre,"Kenia, España, Portugal, Medio Oriente, Península Ibérica (Gómez de Silva et al., 2005).","Canadá, Estados Unidos, Maine, Pennsylvania, Vermont, Virginia del Oeste. En México es visitante invernal en Baja California, Baja California Sur, Isla Guadalupe, Isla Clarión e Isla Socorro, Campeche (Cayo Arcas), Distrito Federal, Oaxaca, Sinaloa, Sonora, Yucatán (Cayo Arenas y Arrecife Alacrán) (Gómez de Silva et al., 2005).",Exótica,Presente,Invasora,Acuerdo especies exóticas SEMARNAT,x,8014108,
Aves,13,Phasianus colchicus,,Faisan de collar,Terrestre,"Europa, Georgia, noreste de Azerbaiyán, sur de Armenia y noreste de Irán (Álvarez-Romero et al., 2008)","Región Holártica, Tasmania y Nueva Zelandia, México (sur y Valle de Mexicali, Baja California (Álvarez-Romero et al., 2008)",Exótica,Presente,Invasora,,x,8019496,
Aves,13,Lonchura malacca,,Capuchina de cabeza negra,Terrestre,"Asia, soroeste de China, India y Sri Lanka, Burma, Tailandia, Camboya, Vietnam, Malasia e Indonesia, Taiwán y Filipinas (Álvarez-Romero et al., 2008)","Australia, Hawai, Japón, Venezuela, Islas del Caribe, varios países de Centroámerica y México (Yucatán y Quintana Roo) (Álvarez-Romero et al., 2008).",Exótica,Presente,Invasora,Acuerdo especies exóticas SEMARNAT,x,8019511,
Aves,13,Molothrus bonariensis,,Tordo común,Terrestre,"Argentina, Bolivia, Brasil, Paraguay, Uruguay, Colombia, Ecuador, Trinidad y Tobago, Uruguay y Venezuela (GISD, 2008)","Bahamas, Barbados, Chile, Cuba, Estados Unidos, Francia, Jamaica, Perú, Puerto Rico (GISD, 2008). Yucatán (Kluza 1998).",Exótica,Presente,Invasora,Acuerdo especies exóticas SEMARNAT,x,8013803,
Hongos,1,Diaporthe lokoyae,,,Terrestre,,,Exótica,Ausente,,,,,Diaporthaceae
Hongos,1,Rhabdocline pseudotsugae,,,Terrestre,,,Exótica,Ausente,,,,,Hemiphacidiaceae
Hongos,1,Rhabdocline weirii,,,Terrestre,,,Exótica,Ausente,,,,,Hemiphacidiaceae
Hongos,1,Grovesiella abieticola,,,Terrestre,,,Exótica,Ausente,,,,,Tympanidaceae
Hongos,1,Cronartium rubicola,,,Terrestre,"Asia (Cibrián-Tovar, 2009)","Europa, Estados Unidos, Canadá (Cibrián-Tovar, 2009)",Exótica,Presente,,,,3006570,Cronartiaceae
Hongos,1,Batrachochytrium dendrobatidis,,"Bd, Qutridiomicosis de anfibios",,"África (Santos-Barrera, 2004; GISD 2006)","África, América, Australia (Santos-Barrera, 2004); México (Oaxaca, Chiapas) (Cabrera, 2012); Veracruz, Hidalgo, Nuevo León, Puebla, Estado de México, Tamaulipas, Michoacán, Guerrero, Baja California (Mendoza-Almeralla et al., 2015)",Exótica,Presente,Invasora,Acuerdo especies exóticas SEMARNAT/ Acuerdo enfermedades y plagas SAGARPA 2016,x,3007580,Incertae sedis
Hongos,1,Batrachochytrium salamandrivorans,,"Bs, Qutridiomicosis de salamandras",,"Este de Asia (Schmidt et al., 2014)",,Exótica,Ausente,Invasora,Acuerdo especies exóticas SEMARNAT/ Acuerdo enfermedades y plagas SAGARPA 2016,x,,Incertae sedis
Hongos,1,Pseudogymnoascus destructans,Geomyces destructans,White nose syndrome,Se desconoce,,,Exótica,Ausente,Invasora,Acuerdo especies exóticas SEMARNAT,x,,Myxotrichaceae
Hongos,1,Ophiostoma ulmi,,,Terrestre,"Asia (Méndez-Montiel & Equihua-Martínez, 1999)","Estados Unidos, Canada, México (Aguascalientes) (Méndez-Montiel & Equihua-Martínez, 1999)",Exótica,Presente,,,,3007575,Ophiostomataceae
Mamíferos,14,Oryctolagus cuniculus,,Conejo europeo,Terrestre,"España y Portugal (Álvarez-Romero & Medellín, 2005).","Europa hasta el sur de Suecia, al este hasta Polonia y Creta, al Sur y oeste hasta el norte de África e islas del Atlántico. Introducida en Australia, Nueva Zelanda, Estados Unidos, Chile, Argentina (Tierra de Fuego e Islas Malvinas, Sudoeste de Santa Cruz y Neuquén y sudoeste de Mendoza). En México se encuentra en Isla Maria Madre, Islas oceánicas, Islas Revillagigedo, Península de Baja California, Campeche, Chispas, Durango, Estado de México, Hidalgo, Michoacán Nayarit, Nuevo León, Tamaulipas (Álvarez-Romero & Medellín, 2005).",Exótica,Presente,Invasora,Acuerdo especies exóticas SEMARNAT,x,8019499,
Mamíferos,14,Bos taurus,,"Res, cebú",Terrestre,"Asia, India, Europa, Norte de África (Álvarez-Romero & Medellín, 2005)","México (Chihuahua, Coahuila, Durango, Oaxaca, Sonora) Islas oceanicas (Bahia que bordea la Isla San José y Espítu Santo) (Álvarez-Romero & Medellín, 2005)",Exótica,Presente,,,,8019549,
Mamíferos,14,Capromys pilorides,,,Terrestre,"Cuba (Soy & Silva, 2008)",,Exótica,Ausente,Invasora,Acuerdo especies exóticas SEMARNAT,x,,Capromyidae
Mamíferos,14,Cervus elaphus,,,Terrestre,Eurasia (GISD 2015),"Aguascalientes, Chihuahua, Coahuila, Durango, Estado de México, Guanajuato, Hidalgo, Nuevo León, Queretaro, San Luis Potosí, Sonora, Tamaulipas, Veracuz, Yucatán, Zacatecas (Álvarez-Romero & Medellín, 2000)",Exótica,Presente,Invasora,,,8018849,
Mamíferos,14,Axis axis,,,Terrestre,"Bangladesh,  Bután, India, Nepal, Sri Lanka (Duckworth et al., 2008)",,Exótica,Presente,Invasora,,,8020097,
Mamíferos,14,Herpestes javanicus,,,Terrestre,"Norte de Arabia Saudita, Irán, Iraq, Afganistán, Pakistán, India, Nepal, Bangladesh, Birmania, Tailiandia, Malasia, Laos, Vietnam, Sureste de China (CABI, 2016)",,Exótica,,,,,,Herpestidae
Mamíferos,14,Sciurus oculatus oculatus,,,Terrestre,"Canadá y Estados Unidos (Linzey et al., 2008)",,Exótica,Presente,Invasora,Acuerdo especies exóticas SEMARNAT,x,8015728,
Mamíferos,14,Sus scrofa,,"Jabalí, cerdos ferales",Terrestre,"Sur de la Península Escandinava y Portugal hasta el sureste de Siberia y la Península de Malaya, del oeste del Sahara hasta Egipto y en Gran Bretaña, Irlanda Córcega, Cerdeña, Sri Lanka, Japón, las Islas Ryukyu, Taiwán, Hainan, Sumatra, Java, y  varias otras islas pequeñas asociadas del este hasta Komodo (Álvarez-Romero & Medellín. 2005).","Norteamérica, Nueva Guinea e Islas aledañas y Nueva Zelanda.  Sierra Nido, Chihuahua, Reserva de la Biosfera Mapimí y noreste de Durango (Álvarez-Romero & Medellín. 2005).",Exótica,Presente,Invasora,Acuerdo especies exóticas SEMARNAT,x,8019541,
Mamíferos,14,Sus scrofa scrofa,,,Terrestre,"África y Sudán (Álvarez-Romero & Medellín, 2005)",,Exótica,Presente,Invasora,Acuerdo especies exóticas SEMARNAT,,,
Mamíferos,14,Vulpes vulpes,,Zorro rojo europeo,Terrestre,"Eurasia (con excepción de la zona tropical del sureste y sin penetrar en el extremo norte de Siberia) el litoral Mediterráneo y Marroquí del norte de África y el Valle del Nilo, la mayor parte en Canad y norte de Estados Unidos incluyendo Alaska (Álvarez-Romero & Medellín, 2008)","Australia, oeste de los Estados Unidos, Peninsula de Baja California (Álvarez-Romero & Medellín, 2008)",Exótica,Ausente,,,,,Canidae
Mamíferos,,Felis silvestris,,Gato salvaje o gato montés europeo,Terrestre,"Norte de África, Egipto, China, India, España, Islas Baleares, Francia, Gran Bretaña, Islas de Córsica y Cerdeña, Islas del Mediterráneo (Álvarez-Romero & Medellín, 2005).","Europa, México (Islas del Pacífico) (Álvarez-Romero & Medellín, 2005)",Exótica,Presente,Invasora,Acuerdo especies exóticas SEMARNAT,x,8019545,
Mamíferos,14,Herpestes javanicus auropunctatus,,Mangosta hidú,Terrestre,"Afganistan, Bangladesh, Cambodia, China, India, iran, Iraq, lao, Malasia, Mianmar, Nepal, Pakistan, Singapur, Tailandia, Vietnam (GISD, 2010)","Bahamas, Bermuda, Islas virgenes, Comoros, Costa Rica, Cuba, República Dominicana, Fiji, Granada, Guadalupe, Honduras, Jamaica, Japón, Martinique, Mauritius, Panamá, Puerto Rica, Haiti, Trinidad y Tobago, Hawaii, Islas Virgenes (GISD, 2010)",Exótica,Indeterminada,,,,,
Mamíferos,14,Rattus rattus,,"Rata negra, rata casera",Terrestre,"India y sureste de Asia (Shiels et al., 2014).","Alrededor del mundo, incluyendo México, Islas Oceánicas, Islas del Océano Pacifico (Álvarez-Romero & Medellín, 2005)",Exótica,Presente,Invasora,Acuerdo especies exóticas SEMARNAT,x,8019532,
Mamíferos,14,Equus asinus,,"Burro, asno",Terrestre,"Marruecos, Somalia, Arabia Saudita (Omán, El Sahara), Mar Rojo, Mesopotamia (Álvarez-Romero & Medellín, 2005)","Estados Unidos (Valle de la Muerte y el Gran Cañón), México (Estado de México, Chihuahua, Coahuila, Durango, Guerrero, Hidalgo, Puebla, Sonora, Tlaxcala) y en todo el Mundo (Álvarez-Romero & Medellín, 2005; GISD 2010)",Exótica,Presente,Invasora,Acuerdo especies exóticas SEMARNAT,x,8019484,
Mamíferos,14,Equus caballus,,Caballo doméstico,Terrestre,"Polonia, Hungría y Mongolia (Álvarez-Romero & Medellín, 2005)","En México se encuentra a lo largo del territorio nacional (Álvarez-Romero & Medellín, 2005)",Exótica,Presente,Invasora,Acuerdo especies exóticas SEMARNAT,x,8019490,
Mamíferos,14,Myocastor coypus,,"Coipú, nutria",Terrestre; Dulceacuícola,"Sudamérica incluyendo Argentina, Bolivia, sur de Brasil desde la Patagonia y Chile meridional en el Sur, hasta Bolivia, Paraguay, Brasil, Chile, Paraguay y Uruguay (Carter & Leonard, 2002)","Armenia, Austria, Azerbaijan, Bélgica, Botswana, Bulgaria, Canadá, China, Croacia, República Checa, Dinamarca, Europa, Finlandia, Francia, Georgia, Alemania, Grecia, Hungria, Israel, Italia, Japón, Jordán, Kazakstán, República de Corea, Noruega, Polonia, Rumania, Federación Rusa, Eslovenia, España, Suecia, Suiza, Tadjikistan, República Unida de Tanzania, Turquía, Reino Unido, Estados Unidos, Zambia, Zimbawe (GISD, 2010)
Ensenada, Baja California, NE de México (Alvarez - Romero & Medellin, 2005)",Exótica,Presente,Invasora,Acuerdo especies exóticas SEMARNAT,x,8020095,
Mamíferos,14,Canis lupus familiaris,,Perros ferales,Terrestre,Australia (CABI 2016),"Se encuentra distribuido en todo el mundo (Álvarez-Romero & Medellín, 2005)",Exótica,Presente,Invasora,Acuerdo especies exóticas SEMARNAT,x,8020092,
Mamíferos,14,Felis catus,,Gato domestico (feral),Terrestre,"Egipto (Ginsburg et al., 1999)","África  y en toda Europa excepto la península Escandinava e Irlanda (Álvarez, 2003), también se encuentra en isla Coronados, México (Rodríguez, 2007), isla de Todos los Santos, Isla Tres Marías, Valle de San quintín, Baja California, Islas Ángel de la guarda (Ceballos et al., 2005)",Exótica,Presente,Invasora,Acuerdo especies exóticas SEMARNAT,x,8019494,
Mamíferos,14,Capra hircus,,Cabra doméstica,Terrestre,Asia (CABI 2016),"Anguila, Antigua y Barbuda, Bahamas, Islas Vírgenes Británicas, Islas Caimán, Islas Cook, Republica Dominicana, Fiji, Guadalupe, Jamaica, Mayotte, Puerto Rico, Haití, Santa Lucia, España (GISD 2015).
Se encuentra presente en ell centro y norte de México (Álvarez-Romero & Medellín, 2005).",Exótica,Presente,Invasora,Acuerdo especies exóticas SEMARNAT,x,8019507,
Mamíferos,14,Capra ibex,,Íbice de los Alpes,Terrestre,"África, Egipto, Sudán, Afganistán, India, Palestina, Alpes europeos, Mar Rojo, Península Arábica (Álvarez-Romero & Medellín, 2005)","En México en UMAs en los estados de Coahuila, Estado de México, Hidalgo, Nuevo Léón, San Luis Potosí, Sonora, Tamaulipas, Zacatecas (Álvarez-Romero & Medellín, 2005)",Exótica,Presente,,,,8019509,
Mamíferos,14,Capra nubiana,,Cabra nubia,Terrestre,,,Exótica,Indeterminada,,,,,
Mamíferos,14,Ovis aries,,"Borrego común, oveja doméstica",Terrestre,"Islas de Córcega, Cerdeña y Chipre (Álvarez-Romero & Medellín, 2005).","En México: Estado de México, Distrito Federal, Aguascalientes, San Luis Potosí, Guanajuato, Querétaro, Veracruz, Puebla, Morelos y Chiapas. En particular se han identificado poblaciones controladas en Isla Cedros y Maria Madre; en Isla Natividad esta especie ya fue erradicada  (Álvarez-Romero & Medellín 2005).",Exótica,Presente,Invasora,Acuerdo especies exóticas SEMARNAT,x,8019483,
Mamíferos,14,Mus musculus,,Ratón doméstico,Terrestre,"África, Egipto, Asia, Japón, Nepal, Europa (Gran Bretaña, Suecia) (Álvarez-Romero & Medellín, 2005).","Desde el trópico hasta las regiones árticas. En Norteamérica se halla en todo Estados Unidos y al sur y oeste del Canadá, en las regiones costeras de Alaska y las Islas Aleutianas (Nuñez et al., 1991; GISD, 2010).",Exótica,Presente,Invasora,Acuerdo especies exóticas SEMARNAT,x,8019518,
Mamíferos,14,Rattus norvegicus,,"Rata noruega, rata café",Terrestre,"Norte de China (Álvarez-Romero y Medellín, 2005)","Samoa americana , Australia, Bahamas, Bélgica, Bermuda, Brasil, Islas Vírgenes Británicas, Islas Caimán, chile, China, Islas Cook, Dinamarca, Republica Dominicana, Fiji, Polinesia francesa, Israel, Jamaica, Japón, Malta, Islas Marshall, Nueva Zelanda, Portugal . En México: Isla Rasa Norte (erradicada), Islas del Pacifico (La Roqueta, Magdalena, Partida, San Esteban, San Francisco, San Marcos y San Pedro Martir), Islas Oceánicas, Europa, Estados Unidos, y en todo el mundo (GISD, 2008)",Exótica,Presente,Invasora,Acuerdo especies exóticas SEMARNAT,x,8019521,
Reptiles,12,Boiga irregularis,,,Terrestre,"Australia, Indonesia, Islas Solomon (GISD 2016)","Hawaii, Guam, Japón, Micronesia, Palau (GISD 2016)",Exótica,Ausente,,,,,
Reptiles,12,Tiliqua scincoides,,Escinco de lengua azul,Terrestre,Australia (The reptile Database. 2016),sur de Florida (Center for Invasive Species and ecosystem health. 2011),Exótica,Confinado,Invasora,Acuerdo especies exóticas SEMARNAT,x,8019575,
Reptiles,12,Varanus niloticus,,Nilo monitor,Terrestre,"África (CABI, 2016).",,Exótica,Confinado,Invasora,Acuerdo especies exóticas SEMARNAT,x,8019581,
Reptiles,12,Trachemys scripta elegans,"Emys elegans, Emys holbrooki, Emys sanguinolenta, Pseudemys scripta elegans, Trachemys elegans, Trachemys lineata",Tortuga japonesa,Dulceacuícola; Terrestre,"Este de Estados Unidos y en México noreste de Coahuila, Nuevo León y Tamaulipas (Seidel, 2002).","Australia, Bahamas, Bermuda, Brasil, Costa Rica, Francia, Guam, Italia, Japón, Corea, Micronesia, Nueva Zelanda, Islas Marianas del Norte, Polonia, España, Taiwán, Tailandia, Reino Unido, Estados Unidos, Vietnam, Islas Vírgenes Británicas, Bangladesh, India. Alemania (Pupins, 2007).

Sureste de Virginia a través del norte de Florida, Alabama, Mississippi, Louisiana y Texas al noroeste de México. Kentucky a Tennessee, al sur de  Ohio, el norte de Indiana, Illinois y el sureste de Iowa, y oeste de Kansas, Oklahoma y Nuevo México (Bringsoe, 2006).",Nativa,Presente,Invasora,Acuerdo especies exóticas SEMARNAT,x,8002286,
Reptiles,12,Varanus salvator,,,Terrestre,"Bangladesh, Camboya, China, Hong Kong, India, Indonesia, República Democrática Popular Lao, Malasia, Myanmar, Singapur, Sri Lanka, Tailandia, Vietnam (Bennett et al., 2010).",,Exótica,Confinado,Invasora,Acuerdo especies exóticas SEMARNAT,x,8020398,
Reptiles,12,Acanthophis praelongus,,Vóbora de la muerte,Terrestre,"Indonesia, Australia (The Reptile Database, 2012)",,Exótica,Confinado,Invasora,Acuerdo especies exóticas SEMARNAT,x,8019561,
Reptiles,12,Ameiva ameiva,,Ameiva verde gigante,Terrestre,Desde Argentina hasta Costa Rica y las Antillas Menores (FFWCC 2012).,,Exótica,Confinado,Invasora,Acuerdo especies exóticas SEMARNAT,x,8019563,
Reptiles,12,Python regius,,Pitón bola,Terrestre,"Benín, Camerún, África central, Costa de Marfil, Gambia, Gana, Guinea, Liberia, Mali, Nigeria, Senegal, Sierra Leona, sur de Sudán, Togo y Uganda (Auliya & Schmitz, 2010).","en Kwa Zulu Natal, Sudáfrica (Ministry of Environmental Affairs and Tourism South Africa 2009)",Exótica,Confinado,Invasora,Acuerdo especies exóticas SEMARNAT,x,8019570,
Reptiles,12,Physignathus cocincinus,,Dragón de agua chino,Terrestre,"Tailandia, Vietnam, Camboya (The Reptile Database, 2016)",,Exótica,Confinado,Invasora,Acuerdo especies exóticas SEMARNAT,x,8020381,
Reptiles,12,Malayopython reticulatus,Python reticulatus,,Terrestre,"Sureste de Asia (Federal Register, 2015)",,Exótica,Confinado,Invasora,Acuerdo especies exóticas SEMARNAT,x,8019573,
Reptiles,12,Chamaeleo gracilis,,,Terrestre,"Angola, Benin, Burkina Faso, Camerún, República Democrática del Congo, Costa de Marfil, Etiopía, Gambia, Ghana, Guinea, Kenia, Liberia, Malí, Nigeria, Senegal, Sierra Leona, Somalia, Tanzania (Tolley et al., 2014).",,Exótica,Confinado,Invasora,Acuerdo especies exóticas SEMARNAT,x,8020366,
Reptiles,12,Corallus hortulanus,,,Terrestre,,,Exótica,Confinado,,,,,
Reptiles,12,Epicrates cenchria,,Boa arcoíris,Terrestre,"Trinidad y Tobago, Guyana Francesa, Colombia, Venezuela, Perú, Brasil, Bolivia, Paraguay, Argentina (The Reptile Database, 2012)",,Exótica,Confinado,Invasora,Acuerdo especies exóticas SEMARNAT,x,8020371,
Reptiles,12,Eublepharis macularius,,Gecko leopardo morfo albino,Terrestre,"Afganistán, Pakistán y algunas regiones del noroeste de la India (Gauthier & Lesbarreres, 2010).",,Exótica,Confinado,Invasora,Acuerdo especies exóticas SEMARNAT,x,8020372,
Reptiles,12,Leiocephalus carinatus,,,Terrestre,"Bahamas, Islas Caimán, Cuba, Honduras (McCranie, 2010).",,Exótica,Confinado,Invasora,Acuerdo especies exóticas SEMARNAT,x,8020376,
Reptiles,12,Chelydra serpentina,,Tortuga mordedora,Dulceacuícola; Terrestre,"América del Norte, desde Nueva Escocia, Nuevo Brunswick, sur de Quebec, sureste de Alberta y el sureste de las Montañas Rocosas hasta Nuevo México, la costa del Golfo de México y el sur de Florida (Ernest et al., 1994).",,Nativa,Presente,Invasora,Acuerdo especies exóticas SEMARNAT,x,8019559,
Reptiles,12,Agama agama,,,Terrestre,"Sudoeste del desierto del Sahara, en el norte hasta el sur de Angola y el este de Uganda (Wagner et al., 2009).","Estados Unidos (Wagner et al.,2009).",Exótica,Confinado,Invasora,Acuerdo especies exóticas SEMARNAT,x,8020361,
Reptiles,12,Chamaeleo senegalensis,,,Terrestre,"Benin, Burkina Faso, Camerún, Costa de Marfil, Gambia, Ghana, Guinea, Malí, Níger, Nigeria, Senegal (Wilms et al., 2013)",,Exótica,Confinado,Invasora,Acuerdo especies exóticas SEMARNAT,x,8019567,
Reptiles,12,Dendroaspis jamesoni,,,Terrestre,"Ghana, Togo, Nigeria, Camerún, Guinea, Benin, República Central Africana, Congo, Kenia, Uganda, Ruanda, Burundi, Guinea Ecuatorial, Angola, Sudán, Zambia (EOL 2012)",,Exótica,Confinado,Invasora,Acuerdo especies exóticas SEMARNAT,x,8020368,
Reptiles,12,Pantherophis guttatus,,,Terrestre,"Estados Unidos (GISD, 2010).",,Nativa,Presente,Invasora,Acuerdo especies exóticas SEMARNAT,x,,Colubridae
Reptiles,12,Gekko gecko,,Geco tokay,Terrestre,"Noroeste de la India, Nepal y Bangladesh, Burna, Tailandia, Indochina, sur de China, Malasia, Indonesia, Filipinas y el este del Archipielago Indo-Australiano (Bucol & Alcala, 2013).","Sudáfrica, introducida en Hawaii (PIER 2007), invasora en Everglades Florida (Ministry of Environmental Affairs and tourism 2009)",Exótica,Confinado,Invasora,Acuerdo especies exóticas SEMARNAT,x,8020373,
Reptiles,12,Anolis carolinensis,,Anolis verde,Terrestre,"Estados Unidos, Tamaulipas (Álvarez-Romero et al., 2005; Norval et al., 2012).","Tamaulipas (Álvarez-Romero et al., 2005).",Exótica,Presente,Invasora,Acuerdo especies exóticas SEMARNAT,x,8020321,
Reptiles,12,Boa constrictor,,,Terrestre,"Norte de México, América Central y al este de los Andes hasta el norte de Argentina, en el oeste se extiende hasta Perú (Lindemann, 2012)","Aruba, México, Puerto Rico, Estados Unidos  (GISD, 2010). Invasora en la Isla de Cozumel (Martínez-Morales & Cuarón 1999)",Nativa,Presente,Invasora,Acuerdo especies exóticas SEMARNAT,x,8000738,
Reptiles,12,Dendroaspis viridis,,,Terrestre,"Benin, Gambia, Guinea, Guinea Bissau, Senegal, Sierra Leona, Togo (	Luisel & Segniagbeto, 2013)",,Exótica,Confinado,Invasora,Acuerdo especies exóticas SEMARNAT,x,8020369,
Reptiles,12,Varanus indicus,,Varano de manglar,Terrestre,"Australia, Indonesia, Papua Nueva Guinea (Bennett & Sweet, 2010).",,Exótica,Confinado,Invasora,Acuerdo especies exóticas SEMARNAT,x,8020397,
Reptiles,12,Anolis garmani,,Anolis gigante de Jamaica,Terrestre,Jamaica (GISD 2010).,,Exótica,Confinado,Invasora,Acuerdo especies exóticas SEMARNAT,x,8019564,
Reptiles,12,Basiliscus vittatus,Oedicoryphus vittatus,Basilisco rayado,Terrestre,"Centro de México en Jalisco y el sur de Tamaulipas hasta Panamá (Castañeda-Hernández et al., 2011).",,Nativa,Presente,Invasora,Acuerdo especies exóticas SEMARNAT,x,8000510,
Reptiles,12,Candoia carinata,,	Boa arborícola,Terrestre,"Indonesia, Papúa Nueva Guinea, Islas Solomón (The Reptile Database, 2012).",,Exótica,Confinado,Invasora,Acuerdo especies exóticas SEMARNAT,x,8020364,
Reptiles,12,Chamaeleo calyptratus,,Camaleón de velo,Terrestre,"Frontera entre Yemen y Arabia saudita (Jones, 2000)",,Exótica,Confinado,Invasora,Acuerdo especies exóticas SEMARNAT,x,8020365,
Reptiles,12,Anolis equestris,,Anolis cubano,Terrestre,"Cuba (Niederlander, 2002).",,Exótica,Confinado,Invasora,Acuerdo especies exóticas SEMARNAT,x,8020362,
Reptiles,12,Python brongersmai,,Pitón de cola corta,Terrestre,"Indonesia, Malasia, Tailandia (Grismer & Chan-Ard, 2012).",,Exótica,Confinado,Invasora,Acuerdo especies exóticas SEMARNAT,x,8020386,
Reptiles,12,Trachylepis quinquetaeniata,,,Terrestre,"Este, centro y oeste de África (Krysko et al., 2010).",,Exótica,Confinado,Invasora,Acuerdo especies exóticas SEMARNAT,x,8020396,
Reptiles,12,Morelia spilota,,Pitón de alfombra,Terrestre,"Australia (Nueva Gales del Sur, Territorio del Norte, Queensland, Australia del Sur, Victoria), Indonesia, Papúa Nueva Guinea (Shine & Allison, 2010)",,Exótica,Confinado,Invasora,Acuerdo especies exóticas SEMARNAT,x,8020378,
Reptiles,12,Morelia viridis,,Pitón arborócola verde,Terrestre,"Australia (Queensland), Indonesia, Papua Nueva Guinea (Auliya et al., 2010).",,Exótica,Confinado,Invasora,Acuerdo especies exóticas SEMARNAT,x,8020379,
Reptiles,12,Pogona vitticeps,,,Terrestre,"Este y centro de Australia (Periat, 2000).",,Exótica,Confinado,,Acuerdo especies exóticas SEMARNAT,x,8020383,
Reptiles,12,Takydromus sexlineatus,,Lagarto de cola larga,Terrestre,"Camboya, China, Hong Kong, India, Indonesia, República Democrática Popular Lao, Malasia, Myanmar, Tailandia, Vietnam (Auliya, 2010)",,Exótica,Confinado,Invasora,Acuerdo especies exóticas SEMARNAT,x,8020389,
Reptiles,12,Tarentola mauritanica,,Salamanquesa común,Terrestre,"Algeria, Croacia, Egipto, Francia, Grecia, Italia, Libia, Marruecos, Portugal, Eslovenia, España, Túnez (Vogrin et al., 2009).",,Exótica,Confinado,Invasora,Acuerdo especies exóticas SEMARNAT,x,8020392,
Reptiles,12,Varanus exanthematicus,,Varano de la sabana,Terrestre,"Benin, Burkina Faso, Camerún, República Centroafricana, Chad, Congo, República Democrática del, Costa de Marfil, Etiopía, Gambia, Ghana, Guinea, Guinea Bissau, de Kenia, Liberia, Malí, Mauritania, Níger, Nigeria, Senegal, Sierra Leona, Sudán del Sur, Ir, Uganda (	Benntt & Sweet, 2010)",,Exótica,Confinado,Invasora,Acuerdo especies exóticas SEMARNAT,x,8019580,
Reptiles,12,Salvator merianae,,,Terrestre,"Brasil, Paragua, Bolivia, Argentina y Uruguay (FFWCC, 2012)","Florida (FFWCC, 2012)",Exótica,Ausente,,,,,Teiidae
Reptiles,12,Trachemys scripta troostii,"Emys troosti, Emys cumberlandensis,Trachemys troosti,Chrysemys troostii,Pseudemys scripta troostii",Tortuga de Cumberland,Dulceacuícola; Terrestre,"Este y noroeste de Tennessee y suroeste de Virginia (Somma et al., 2016).",,Exótica,Confinado,Invasora,Acuerdo especies exóticas SEMARNAT,x,8020394,
Reptiles,12,Pseudemys nelsoni,,Tortuga vientre rojo de Florida,Dulceacuícola; Terrestre,"Península de Florida, el pantano Okefenokee al sur de Georgia, y en una población aislada en la Florida, cerca de Tallahassee (Jackson, 2010).",,Exótica,Confinado,Invasora,Acuerdo especies exóticas SEMARNAT,x,8020384,
Reptiles,12,Pseudemys peninsularis,,"Tortuga Florida, Tortuga de la península",Dulceacuícola; Terrestre,"Estados unidos  (van Dijk,  2013)",,Exótica,Confinado,Invasora,Acuerdo especies exóticas SEMARNAT,x,8020385,
Reptiles,12,Gehyra mutilata,,,Terrestre,"Madagascar, Seuchelles, Sri Lanka, India, Tailandia, Vietnam, Malasia, Taiwan, Japón, Filipinas, Singapur, Oceanía (The Reptile Database, 2015)","México: Jalisco, Nayarit, Sinaloa, Estados Unidos (The Reptile Database, 2015)",Exótica,Presente,,,,8000521,
Reptiles,12,Sphaerodactylus argus,,,Terrestre,"Cuba, Jamaica (Álvarez-Romero et al., 2005).","Península de Yuctán (Álvarez-Romero et al., 2005)",Exótica,Presente,,,,8000540,
Reptiles,,Python bivittatus,Python molurus bivittatus,,,"Sur de China, India Oriental, Myanmar, Tailandia, Laos, Camboya, Vietnam, Nepal, Bangladesh, Malasia continental del norte y oeste de Indonesia (Sumatra, Java y las islas cercanas) (GISD, 2017)",,Exótica,Confinado,Invasora,Acuerdo especies exóticas SEMARNAT,x,,Boidae
Reptiles,12,Hemidactylus mabouia,Gekko mobouia,Geko centro africano,Terrestre,Asia tropial y el Indo-Pacífico (Rödder et al. 2008),"México (Veracruz),  América Central,  Venezuela, algunas islas del Pacífico, islas Masacrene (Rödder et al. 2008)",Exótica,Presente,Invasora,Acuerdo especies exóticas SEMARNAT,x,8000524,
Reptiles,12,Anolis sagrei,,"Lagartija chipojo, Merech, Anole",Terrestre,"Islas Caimán, Bahamas y Cuba (GISD 2008).","Jamaica y Gran Caimán, Belice, México, Florida, Texas, Luisiana y Georgia en los Estados Unidos de Norteamérica (Norval et al., 2002). Veracruz en las localidades de Minatitlán, Catemaco, San Andrés Tuxtla (Zamora, 2006) Campeche, Quintana Roo, Tabasco y bordeando la Península de Yucatán (Álvarez-Romero et al., 2005)",Exótica,Presente,Invasora,Acuerdo especies exóticas SEMARNAT,x,8019562,
Reptiles,12,Anolis allisoni,,Anolis Allison,Terrestre,"Belice, Cuba, Honduras (Álvarez-Romero et al., 2005).","Quintana Roo (Álvarez-Romero et al., 2005).",Exótica,Presente,,,,8020403,
Reptiles,12,Hemidactylus turcicus,Lacerta turcica,"Cuija, Gecko pinto",Terrestre,"Mediterráneo (Lemos-Espinal, 2007).","Estados Unidos de América (Florida, Louisiana, Texas) y México (Campeche, Quintana Roo, Tabasco, Yucatán) (Álvarez-Romero et al., 2005).",Exótica,Presente,Invasora,Acuerdo especies exóticas SEMARNAT,x,8000525,
Reptiles,12,Ramphotyphlops braminus,,Serpiente ciega enana,Terrestre,"India (GISD, 2015)","Hawái, Arabia Saudita y México: Ciudad del  Carmen, Campeche, Yucatán, Quintana Roo (Solano-Zavaleta et al., 2006), Valle de Tehuacán-Cuicatlán (Gutiérrez, 2001).",Exótica,Presente,Invasora,Acuerdo especies exóticas SEMARNAT,x,8000978,
Reptiles,12,Hemidactylus frenatus,,"Cuija, Escorpión",Terrestre,"Islas del océano Pacífico (Álvarez-Romero et al., 2005)","Trópicos y subtrópicos de Europa, América. En México se encuentra en Baja California Sur, Campeche, Chiapas, Colima, Guerrero, Hidalgo, Jalisco, Nayarit, Oaxaca, Querétaro, Quintana Roo, San Luis Potosí, Tabasco, Tamaulipas, Veracruz, Yucatán (Álvarez-Romero et al., 2005),  Morelos (Gutiérrez-Mayén, 2001).",Exótica,Presente,Invasora,Acuerdo especies exóticas SEMARNAT,x,8000523,
Reptiles,12,Tupinambis teguixin,,Lagarto overo,Terrestre,"Norte y Centro de América desds Colombia hasta el sudeste de Brasil (Passos et al., 2013)",,Exótica,Confinado,Invasora,Acuerdo especies exóticas SEMARNAT,x,8019577,
Reptiles,12,Lampropeltis californiae,"Lampropeltis getula californiae, Lampropeltis getula nigrita",,Terrestre,"Estados Unidos (California, sur de Oregón, suroeste de Nevada, Utha, Arizona), México (norte de Baja California y Sonora) (The Reptile Database, 2016).",,Nativa,Presente,Invasora,Acuerdo especies exóticas SEMARNAT,x,8018880,
Reptiles,12,Trachemys scripta scripta,"Testudo serrata,Emys serrata,Pseudemys scripta scripta,Crysemys scripta scripta",Tortuga de panza amarilla,Dulceacuícola; Terrestre,"Sureste de Virginia, Georgia, Norte de Florida y parte oriental de Alabama (Somma et al., 2014).",,Exótica,Confinado,Invasora,Acuerdo especies exóticas SEMARNAT,x,8020393,
Reptiles,12,Chrysemys picta bellii,,Tortuga pintada occidental,Dulceacuícola; Terrestre,"Norte de Chihuahua (Van Dijk, P.P. 2011). Del oeste de Ontario hasta la Columbia Británica y al sur hasta Missouri, el norte de Oklahoma, el este de Colorado, Wyoming e Idaho y el norte de Oregón (Ernest et al., 1994). C. p. bellii: Populations attributed to bellii inhabit the Rio Grande/Rio Bravo del Norte as it flows into Mexico, as well as the  endorrheic basin(s) west of Ciudad Juarez, northern Chihuahua (Iverson, 1992).",,Nativa,Presente,Invasora,Acuerdo especies exóticas SEMARNAT,x,8002288,
Virus y bacterias,2,Aparavirus Taura Syndrome virus,,"Virus del Síndrome de Taura, TSV",Marino,,,Exótica,Presente,,Acuerdo enfermedades y plagas SAGARPA 2016,,,Dicistroviridae
Virus y bacterias,,Oncorhynchus 1 novirhabdovirus,,Virus de la necrosis hipodérmica y hematopoyética infecciosa,Se desconoce,,,Exótica,Presente,,Acuerdo enfermedades y plagas SAGARPA 2016,,,Rhabdoviridae
Virus y bacterias,2,Whispovirus White spot syndrome virus,,Enfermedad de las manchas blancas,Se desconoce,,,Exótica,Presente,,Acuerdo enfermedades y plagas SAGARPA 2016,,,Nimaviridae
Virus y bacterias,2,Okavirus Gill-associated virus,,Enfermedad de la cabeza amarilla,Se desconoce,,,Exótica,Presente,,Acuerdo enfermedades y plagas SAGARPA 2016,,,Roniviridae
Virus y bacterias,2,Chlamydophila psittaci,"Chlamydophyla psittaci, Rickettsia psittaci,Ehrlichia psittaci,Rickettsiaformis psittacosis,Chlamydozoon psittaci","Psittacosis, Clamydiosis",,,,Exótica,Presente,Invasora,Acuerdo especies exóticas SEMARNAT/ Acuerdo enfermedades y plagas SAGARPA 2016,x,,Chlamydiaceae
